{
  "saved_at": "2026-04-23T16:11:54",
  "unit": {
    "length": "mm",
    "angle": "rad",
    "euler_seq": "XYZ"
  },
  "left": {
    "x": 0.264916421805067,
    "y": -0.2909097039552888,
    "z": 1.19351921912364,
    "rx": -0.0010901040336941392,
    "ry": -0.004854243284740711,
    "rz": 0.00550240484750919
  },
  "right": {
    "x": 1.3149317819264594,
    "y": -4.397855603676199,
    "z": 1.827847137750499,
    "rx": -0.17412182243313357,
    "ry": -0.006747826981500449,
    "rz": 0.005443681737551387
  }
}